scenario_set,10_min_horizon,20_min_horizon,30_min_horizon,40_min_horizon,50_min_horizon,60_min_horizon,70_min_horizon,80_min_horizon,90_min_horizon,100_min_horizon,110_min_horizon,120_min_horizon
1,337938.75,491730.15625,-4.764200210571289,397883.125,-4.764200210571289,-4.764200210571289,329077.8125,188251.203125,-4.764200210571289,-4.764200210571289,-4.764200210571289,79892.71875
2,222542.90625,466905.9375,-4.764200210571289,397985.0,-4.764200210571289,-4.764200210571289,260534.46875,81833.375,-4.764200210571289,8522.3837890625,-4.764200210571289,172094.953125
3,-4.764200210571289,346310.0,35886.12890625,168564.328125,-4.764200210571289,-4.764200210571289,424.4187316894531,111276.7421875,-4.764200210571289,-4.764200210571289,88535.0078125,34890.41015625
4,232811.65625,487705.53125,-4.764200210571289,400790.15625,-4.764200210571289,-4.764200210571289,214717.359375,76855.8671875,-4.764200210571289,77258.953125,31848.34375,24761.638671875
5,262391.6875,518590.78125,-4.764200210571289,472567.53125,-4.764200210571289,-4.764200210571289,297940.9375,83930.6953125,-4.764200210571289,19415.16015625,-4.764200210571289,210346.015625
6,305258.25,485926.53125,-4.764200210571289,419437.0,-4.764200210571289,-4.764200210571289,311134.53125,97465.4609375,-4.764200210571289,57807.1796875,-4.764200210571289,112805.90625
7,295101.625,480884.1875,-4.764200210571289,390062.25,-4.764200210571289,-4.764200210571289,286438.5,101457.4296875,-4.764200210571289,79434.0078125,34195.36328125,31303.396484375
8,151458.984375,438248.59375,-4.764200210571289,286378.0625,-4.764200210571289,-4.764200210571289,132979.90625,98025.7265625,-4.764200210571289,46238.50390625,29317.49609375,-4.764200210571289
9,356314.78125,549022.9375,-4.764200210571289,487596.53125,-4.764200210571289,-4.764200210571289,337109.40625,148830.65625,-4.764200210571289,50103.42578125,3795.463134765625,89414.109375
10,328698.5625,521693.96875,-4.764200210571289,454747.1875,-4.764200210571289,-4.764200210571289,315100.78125,146977.296875,-4.764200210571289,37210.484375,615.4961547851562,78745.609375
11,381605.9375,497912.78125,-4.764200210571289,417541.5625,-4.764200210571289,-4.764200210571289,355589.71875,131962.484375,-4.764200210571289,45011.234375,-4.764200210571289,95923.078125
12,305502.1875,490842.09375,-4.764200210571289,395059.78125,-4.764200210571289,-4.764200210571289,266833.6875,118863.46875,-4.764200210571289,53375.765625,10627.291015625,21479.951171875
13,313075.0,526831.75,-4.764200210571289,476799.1875,-4.764200210571289,-4.764200210571289,309671.9375,113965.765625,-4.764200210571289,38935.64453125,-4.764200210571289,152244.359375
14,194145.5625,487450.59375,-4.764200210571289,383193.34375,-4.764200210571289,-4.764200210571289,233557.203125,84228.5390625,-4.764200210571289,-4.764200210571289,5424.0791015625,204333.765625
15,-4.764200210571289,132313.703125,132396.75,17834.240234375,-4.764200210571289,-4.764200210571289,-4.764200210571289,153551.15625,-4.764200210571289,-4.764200210571289,59353.12109375,-4.764200210571289
16,-4.764200210571289,235880.609375,55325.28125,93384.203125,-4.764200210571289,-4.764200210571289,-4.764200210571289,101807.1484375,-4.764200210571289,-4.764200210571289,15321.3740234375,-4.764200210571289
17,-4.764200210571289,128457.609375,237587.390625,47777.4921875,-4.764200210571289,-4.764200210571289,-4.764200210571289,77222.9140625,-4.764200210571289,-4.764200210571289,111615.078125,-4.764200210571289
18,-4.764200210571289,183429.671875,91473.6171875,91942.640625,-4.764200210571289,-4.764200210571289,-4.764200210571289,110070.09375,-4.764200210571289,-4.764200210571289,140987.40625,-4.764200210571289
19,293367.6875,443077.625,-4.764200210571289,321071.34375,-4.764200210571289,-4.764200210571289,278321.375,173274.875,-4.764200210571289,-4.764200210571289,-4.764200210571289,4712.53662109375
20,-4.764200210571289,229287.921875,-4.764200210571289,86242.0,-4.764200210571289,-4.764200210571289,-4.764200210571289,151274.890625,-4.764200210571289,-4.764200210571289,40275.546875,16041.6728515625
21,305389.71875,510019.125,-4.764200210571289,460782.53125,-4.764200210571289,-4.764200210571289,322129.25,117868.1328125,-4.764200210571289,37010.50390625,-4.764200210571289,151472.65625
22,399371.15625,519776.78125,-4.764200210571289,456115.15625,-4.764200210571289,-4.764200210571289,387917.75,179257.40625,-4.764200210571289,21020.220703125,-4.764200210571289,121928.4609375
23,213851.390625,425771.125,-4.764200210571289,306404.03125,-4.764200210571289,-4.764200210571289,231991.078125,167426.875,-4.764200210571289,-4.764200210571289,-4.764200210571289,94885.421875
24,178911.828125,2120351.0,-4.764200210571289,-4.764200210571289,709958.9375,-4.764200210571289,817651.0625,3365450.0,-4.764200210571289,-4.764200210571289,419663.53125,-4.764200210571289
25,250883.40625,508909.40625,-4.764200210571289,451931.34375,-4.764200210571289,-4.764200210571289,276545.90625,79952.546875,-4.764200210571289,40074.94921875,-4.764200210571289,155381.953125
26,-4.764200210571289,399206.8125,17678.30078125,197654.375,-4.764200210571289,-4.764200210571289,-4.764200210571289,64972.5625,-4.764200210571289,-4.764200210571289,61475.94140625,28490.962890625
27,368369.90625,523728.5,-4.764200210571289,454186.09375,-4.764200210571289,-4.764200210571289,336071.15625,132978.71875,-4.764200210571289,74011.28125,-4.764200210571289,58799.37890625
28,-4.764200210571289,143813.796875,108457.9609375,16391.05859375,-4.764200210571289,-4.764200210571289,-4.764200210571289,143030.390625,-4.764200210571289,-4.764200210571289,47754.953125,-4.764200210571289
29,348965.5625,534166.5,-4.764200210571289,475649.59375,-4.764200210571289,-4.764200210571289,353630.6875,156750.875,-4.764200210571289,23028.833984375,-4.764200210571289,137456.921875
30,381708.34375,515033.0625,-4.764200210571289,450827.71875,-4.764200210571289,-4.764200210571289,366558.78125,131326.234375,-4.764200210571289,66255.2421875,-4.764200210571289,101772.4375
31,312110.90625,503654.40625,-4.764200210571289,425652.4375,-4.764200210571289,-4.764200210571289,274376.9375,101943.1171875,-4.764200210571289,78424.9921875,24234.375,31156.283203125
32,117557.5078125,466615.03125,-4.764200210571289,281715.9375,-4.764200210571289,-4.764200210571289,70174.9765625,70194.8203125,-4.764200210571289,70562.125,43462.17578125,-4.764200210571289
33,-4.764200210571289,373808.03125,15456.001953125,210909.390625,-4.764200210571289,21779.80859375,-4.764200210571289,72131.453125,-4.764200210571289,-4.764200210571289,48214.4609375,75876.8984375
34,378615.53125,539491.875,-4.764200210571289,497433.40625,-4.764200210571289,-4.764200210571289,358915.09375,116584.34375,-4.764200210571289,56836.24609375,-4.764200210571289,155709.546875
35,307196.375,491675.59375,-4.764200210571289,419692.125,-4.764200210571289,-4.764200210571289,305171.6875,91303.0625,-4.764200210571289,80139.8125,-4.764200210571289,84157.1328125
36,-4.764200210571289,231224.484375,82041.546875,102952.7265625,-4.764200210571289,-4.764200210571289,-4.764200210571289,116822.6328125,-4.764200210571289,-4.764200210571289,55171.13671875,-4.764200210571289
37,-4.764200210571289,222193.0,108619.640625,126836.3984375,-4.764200210571289,-4.764200210571289,-4.764200210571289,65159.9609375,-4.764200210571289,-4.764200210571289,115553.6796875,4112.24951171875
38,-4.764200210571289,236842.34375,77393.421875,122367.0078125,-4.764200210571289,-4.764200210571289,-4.764200210571289,77414.6171875,-4.764200210571289,-4.764200210571289,70119.09375,-4.764200210571289
39,302577.84375,523660.1875,-4.764200210571289,482229.34375,-4.764200210571289,-4.764200210571289,318983.53125,108579.75,-4.764200210571289,41645.15234375,-4.764200210571289,164896.171875
40,266341.28125,446269.59375,-4.764200210571289,341192.46875,-4.764200210571289,-4.764200210571289,271712.125,164431.046875,-4.764200210571289,-4.764200210571289,-4.764200210571289,34746.328125
41,-4.764200210571289,137516.921875,178865.4375,55579.89453125,-4.764200210571289,-4.764200210571289,-4.764200210571289,103442.4140625,-4.764200210571289,-4.764200210571289,92165.2578125,-4.764200210571289
42,358468.875,460704.46875,-4.764200210571289,357018.53125,-4.764200210571289,-4.764200210571289,330290.09375,171007.28125,-4.764200210571289,12747.7802734375,-4.764200210571289,43363.53125
43,337439.375,471248.46875,-4.764200210571289,369113.375,-4.764200210571289,-4.764200210571289,322154.03125,169209.21875,-4.764200210571289,20622.984375,-4.764200210571289,35602.8515625
44,337027.28125,537258.875,-4.764200210571289,487991.1875,-4.764200210571289,-4.764200210571289,340627.15625,152963.578125,-4.764200210571289,8001.01708984375,-4.764200210571289,163790.09375
45,257291.328125,446682.1875,-4.764200210571289,343634.84375,-4.764200210571289,-4.764200210571289,269437.28125,166152.75,-4.764200210571289,-4.764200210571289,-4.764200210571289,75832.859375
46,-4.764200210571289,173880.34375,176262.84375,82084.0390625,-4.764200210571289,-4.764200210571289,-4.764200210571289,83473.03125,-4.764200210571289,-4.764200210571289,118215.515625,-4.764200210571289
47,-4.764200210571289,150621.71875,166178.96875,57673.61328125,-4.764200210571289,-4.764200210571289,-4.764200210571289,110752.875,-4.764200210571289,-4.764200210571289,118502.0546875,-4.764200210571289
48,368495.90625,494113.03125,-4.764200210571289,409721.125,-4.764200210571289,-4.764200210571289,340457.65625,145733.515625,-4.764200210571289,47952.47265625,-4.764200210571289,62699.2734375
49,363663.15625,548751.5625,-4.764200210571289,512832.375,-4.764200210571289,-4.764200210571289,374718.65625,149666.171875,-4.764200210571289,19466.078125,-4.764200210571289,195291.875
50,193770.34375,500097.6875,-4.764200210571289,365867.3125,-4.764200210571289,-4.764200210571289,165685.171875,120312.8515625,-4.764200210571289,32164.662109375,32657.859375,11935.8564453125
51,-4.764200210571289,162202.359375,176717.375,61110.4296875,-4.764200210571289,-4.764200210571289,-4.764200210571289,88612.890625,-4.764200210571289,-4.764200210571289,105907.578125,-4.764200210571289
52,378482.25,498133.78125,-4.764200210571289,416072.9375,-4.764200210571289,-4.764200210571289,354480.625,162294.78125,-4.764200210571289,19313.740234375,-4.764200210571289,90956.3203125
53,-4.764200210571289,152438.921875,178558.171875,79159.359375,-4.764200210571289,-4.764200210571289,-4.764200210571289,85800.53125,-4.764200210571289,-4.764200210571289,122909.7421875,-4.764200210571289
54,338417.15625,465747.59375,-4.764200210571289,358977.6875,-4.764200210571289,-4.764200210571289,315529.03125,181303.9375,-4.764200210571289,11202.078125,-4.764200210571289,14741.697265625
55,347228.03125,474197.75,-4.764200210571289,378802.28125,-4.764200210571289,-4.764200210571289,328112.5,154753.546875,-4.764200210571289,32213.787109375,-4.764200210571289,50446.66015625
56,34754.68359375,406398.90625,-4.764200210571289,159963.125,-4.764200210571289,-4.764200210571289,58294.3671875,92342.375,-4.764200210571289,-4.764200210571289,-4.764200210571289,134497.3125
57,-4.764200210571289,170452.78125,187351.03125,96617.2265625,-4.764200210571289,-4.764200210571289,-4.764200210571289,95067.078125,-4.764200210571289,-4.764200210571289,104008.2109375,-4.764200210571289
58,156927.671875,371077.375,-4.764200210571289,242480.59375,-4.764200210571289,-4.764200210571289,210055.046875,120898.9140625,-4.764200210571289,-4.764200210571289,-4.764200210571289,133109.296875
59,297005.8125,490379.8125,-4.764200210571289,412368.75,-4.764200210571289,-4.764200210571289,290285.78125,82953.359375,-4.764200210571289,85461.140625,7841.6005859375,70983.09375
60,334006.96875,505313.6875,-4.764200210571289,415614.625,-4.764200210571289,-4.764200210571289,317477.5,149236.65625,-4.764200210571289,48486.05078125,18189.015625,39369.61328125
61,405457.875,543656.125,-4.764200210571289,490599.21875,-4.764200210571289,-4.764200210571289,381913.53125,123369.96875,-4.764200210571289,80531.4140625,-4.764200210571289,120753.109375
62,-4.764200210571289,209813.765625,175152.96875,86569.1015625,-4.764200210571289,-4.764200210571289,-4.764200210571289,107250.28125,-4.764200210571289,-4.764200210571289,72656.359375,-4.764200210571289
63,306740.5625,441566.03125,-4.764200210571289,331385.3125,-4.764200210571289,-4.764200210571289,289165.28125,133553.90625,-4.764200210571289,47820.37109375,-4.764200210571289,6247.3466796875
64,196897.96875,448909.8125,-4.764200210571289,362400.875,-4.764200210571289,-4.764200210571289,213615.171875,77845.46875,-4.764200210571289,-4.764200210571289,-4.764200210571289,157001.78125
65,-4.764200210571289,266768.71875,84734.3671875,133986.78125,-4.764200210571289,-4.764200210571289,-4.764200210571289,67012.015625,-4.764200210571289,-4.764200210571289,82947.8359375,8782.451171875
66,404749.84375,505742.8125,-4.764200210571289,434666.71875,-4.764200210571289,-4.764200210571289,378934.59375,171754.53125,-4.764200210571289,29854.06640625,-4.764200210571289,99907.8203125
67,41962.98828125,414046.90625,-4.764200210571289,232577.484375,-4.764200210571289,-4.764200210571289,80876.609375,41894.8046875,-4.764200210571289,-4.764200210571289,36445.86328125,156387.71875
68,295989.375,537453.3125,-4.764200210571289,448750.46875,-4.764200210571289,-4.764200210571289,258540.90625,127174.578125,-4.764200210571289,45134.53125,22680.953125,46399.91796875
69,237970.0,484946.53125,-4.764200210571289,425773.65625,-4.764200210571289,-4.764200210571289,285495.65625,72726.78125,-4.764200210571289,12173.0009765625,-4.764200210571289,201295.0625
70,133938.28125,482062.875,-4.764200210571289,304495.71875,-4.764200210571289,-4.764200210571289,141442.203125,98705.734375,-4.764200210571289,-4.764200210571289,20793.271484375,111894.8359375
71,-4.764200210571289,339226.65625,50262.99609375,187434.484375,-4.764200210571289,5318.95947265625,-4.764200210571289,53527.109375,-4.764200210571289,-4.764200210571289,79745.421875,47410.390625
72,379174.9375,492434.125,-4.764200210571289,408530.40625,-4.764200210571289,-4.764200210571289,350168.09375,165627.9375,-4.764200210571289,24928.357421875,-4.764200210571289,76813.375
73,174714.265625,517969.96875,-4.764200210571289,386820.6875,-4.764200210571289,-4.764200210571289,189075.640625,73972.171875,-4.764200210571289,-4.764200210571289,16986.73828125,182866.078125
74,357660.40625,545975.3125,-4.764200210571289,462285.5625,-4.764200210571289,-4.764200210571289,288128.875,91732.5,-4.764200210571289,115615.1484375,36332.875,14926.568359375
75,-4.764200210571289,188174.671875,87469.3046875,89382.03125,-4.764200210571289,-4.764200210571289,-4.764200210571289,113897.4609375,-4.764200210571289,-4.764200210571289,106463.7265625,-4.764200210571289
76,337635.875,541692.875,-4.764200210571289,480792.625,-4.764200210571289,-4.764200210571289,306657.5625,112921.375,-4.764200210571289,63643.43359375,-4.764200210571289,100204.296875
77,-4.764200210571289,138972.21875,205255.59375,60494.12109375,-4.764200210571289,-4.764200210571289,-4.764200210571289,74217.6328125,-4.764200210571289,-4.764200210571289,120895.2890625,-4.764200210571289
78,-4.764200210571289,185836.0625,113777.2421875,94281.046875,-4.764200210571289,-4.764200210571289,-4.764200210571289,105590.03125,-4.764200210571289,-4.764200210571289,134915.359375,-4.764200210571289
79,-4.764200210571289,214105.09375,127666.515625,105491.125,-4.764200210571289,-4.764200210571289,-4.764200210571289,70316.734375,-4.764200210571289,-4.764200210571289,99530.21875,-4.764200210571289
80,62776.82421875,429421.40625,-4.764200210571289,271305.59375,-4.764200210571289,-4.764200210571289,101817.203125,24166.052734375,-4.764200210571289,-4.764200210571289,33365.74609375,183473.90625
81,159146.828125,448581.40625,-4.764200210571289,319908.0,-4.764200210571289,-4.764200210571289,169089.828125,62101.7734375,-4.764200210571289,46584.71875,25906.369140625,44981.328125
82,-4.764200210571289,165408.671875,171115.609375,65593.1875,-4.764200210571289,-4.764200210571289,-4.764200210571289,89510.2265625,-4.764200210571289,-4.764200210571289,84094.5234375,-4.764200210571289
83,-4.764200210571289,138972.21875,205255.59375,60494.12109375,-4.764200210571289,-4.764200210571289,-4.764200210571289,74217.6328125,-4.764200210571289,-4.764200210571289,120895.2890625,-4.764200210571289
84,345662.46875,557167.0,-4.764200210571289,508388.5625,-4.764200210571289,-4.764200210571289,343902.03125,145573.578125,-4.764200210571289,-4.764200210571289,-4.764200210571289,204104.65625
85,-4.764200210571289,169341.25,151858.0,76981.7109375,-4.764200210571289,-4.764200210571289,-4.764200210571289,90464.9609375,-4.764200210571289,-4.764200210571289,121948.5390625,-4.764200210571289
86,81513.0234375,478029.125,-4.764200210571289,304893.40625,-4.764200210571289,493.3255310058594,78819.5234375,53673.75,-4.764200210571289,-4.764200210571289,34360.34375,138652.109375
87,21793.708984375,405827.21875,9010.3515625,171971.171875,-4.764200210571289,-4.764200210571289,-4.764200210571289,127048.515625,-4.764200210571289,-4.764200210571289,49575.75,12487.830078125
88,-4.764200210571289,173071.328125,125195.109375,82282.125,-4.764200210571289,-4.764200210571289,-4.764200210571289,104366.3828125,-4.764200210571289,-4.764200210571289,127238.265625,-4.764200210571289
89,262625.21875,442706.5,-4.764200210571289,335860.34375,-4.764200210571289,-4.764200210571289,255823.890625,118821.0625,-4.764200210571289,49624.19140625,25421.3671875,-4.764200210571289
90,-4.764200210571289,172654.984375,63009.546875,80341.4609375,-4.764200210571289,-4.764200210571289,-4.764200210571289,145842.875,-4.764200210571289,-4.764200210571289,107596.15625,6455.69873046875
91,16843.78125,397016.0,-4.764200210571289,182470.421875,-4.764200210571289,-4.764200210571289,42825.39453125,42238.5234375,-4.764200210571289,8658.84375,57804.7734375,56076.83984375
92,-4.764200210571289,146239.5,90116.7421875,24002.951171875,-4.764200210571289,-4.764200210571289,-4.764200210571289,128779.984375,-4.764200210571289,-4.764200210571289,38720.609375,-4.764200210571289
93,379881.9375,522674.625,-4.764200210571289,452496.0,-4.764200210571289,-4.764200210571289,357019.25,140329.515625,-4.764200210571289,68963.796875,-4.764200210571289,71646.953125
94,304057.15625,460179.3125,-4.764200210571289,360141.78125,-4.764200210571289,-4.764200210571289,289395.46875,124039.125,-4.764200210571289,48741.4453125,-4.764200210571289,27491.953125
95,-4.764200210571289,160066.28125,137091.390625,78235.921875,-4.764200210571289,-4.764200210571289,-4.764200210571289,112068.25,-4.764200210571289,-4.764200210571289,140608.203125,-4.764200210571289
96,160298.75,402583.71875,-4.764200210571289,290243.84375,-4.764200210571289,-4.764200210571289,235632.390625,70820.015625,-4.764200210571289,-4.764200210571289,-4.764200210571289,209539.90625
97,-4.764200210571289,222071.15625,152695.734375,115381.6875,-4.764200210571289,-4.764200210571289,-4.764200210571289,66784.78125,-4.764200210571289,-4.764200210571289,55256.6875,-4.764200210571289
98,-4.764200210571289,349679.875,-4.764200210571289,126107.1484375,-4.764200210571289,-4.764200210571289,43831.7109375,78783.546875,-4.764200210571289,-4.764200210571289,4216.01171875,149971.609375
99,-4.764200210571289,152313.859375,172524.578125,79410.8515625,-4.764200210571289,-4.764200210571289,-4.764200210571289,81316.78125,-4.764200210571289,-4.764200210571289,134910.890625,-4.764200210571289
100,134990.765625,382504.0,-4.764200210571289,232714.984375,-4.764200210571289,-4.764200210571289,168460.765625,98627.71875,-4.764200210571289,-4.764200210571289,2055.10546875,43120.26953125
101,181735.4375,468543.46875,-4.764200210571289,340788.65625,-4.764200210571289,-4.764200210571289,179930.5625,81879.1796875,-4.764200210571289,24515.943359375,10743.44921875,50143.12109375
102,-4.764200210571289,197717.390625,107554.5,90033.5625,-4.764200210571289,-4.764200210571289,-4.764200210571289,100228.2578125,-4.764200210571289,-4.764200210571289,117735.515625,-4.764200210571289
103,-4.764200210571289,204392.078125,103562.4296875,78079.640625,-4.764200210571289,-4.764200210571289,-4.764200210571289,123558.0,-4.764200210571289,-4.764200210571289,62189.6953125,-4.764200210571289
104,-4.764200210571289,183834.03125,183574.34375,89854.1640625,-4.764200210571289,-4.764200210571289,-4.764200210571289,60193.6796875,-4.764200210571289,-4.764200210571289,88341.4140625,-4.764200210571289
105,356554.5625,478199.71875,-4.764200210571289,383738.59375,-4.764200210571289,-4.764200210571289,333488.6875,164993.171875,-4.764200210571289,27491.412109375,-4.764200210571289,45843.3125
106,381218.8125,530953.25,-4.764200210571289,461586.4375,-4.764200210571289,-4.764200210571289,355896.65625,135279.28125,-4.764200210571289,74049.203125,-4.764200210571289,72747.671875
107,339898.625,522438.65625,-4.764200210571289,456331.125,-4.764200210571289,-4.764200210571289,330590.65625,103333.109375,-4.764200210571289,81747.3671875,4325.16455078125,93256.7421875
108,-4.764200210571289,151951.703125,158650.34375,59307.76953125,-4.764200210571289,-4.764200210571289,-4.764200210571289,110949.9921875,-4.764200210571289,-4.764200210571289,138199.65625,-4.764200210571289
109,303323.75,489565.90625,-4.764200210571289,402204.875,-4.764200210571289,-4.764200210571289,292875.46875,98664.0,-4.764200210571289,83055.5703125,31787.07421875,40373.73828125
110,-4.764200210571289,276002.8125,41911.44140625,57937.99609375,-4.764200210571289,-4.764200210571289,-4.764200210571289,96049.3671875,-4.764200210571289,-4.764200210571289,23190.3984375,-4.764200210571289
111,-4.764200210571289,241929.390625,75182.0859375,135183.46875,-4.764200210571289,-4.764200210571289,-4.764200210571289,81968.375,-4.764200210571289,-4.764200210571289,127174.9609375,29599.84765625
112,330342.71875,543564.4375,-4.764200210571289,479239.65625,-4.764200210571289,-4.764200210571289,305239.9375,116870.6875,-4.764200210571289,50495.3828125,-4.764200210571289,108488.2890625
113,-4.764200210571289,206974.390625,157132.765625,115070.9921875,-4.764200210571289,-4.764200210571289,-4.764200210571289,53939.3984375,-4.764200210571289,-4.764200210571289,83897.890625,-4.764200210571289
114,312680.8125,503163.59375,-4.764200210571289,417224.75,-4.764200210571289,-4.764200210571289,304732.65625,159532.03125,-4.764200210571289,23641.779296875,11315.408203125,55203.8125
115,206055.234375,456800.6875,-4.764200210571289,370594.4375,-4.764200210571289,-4.764200210571289,239080.515625,81661.8359375,-4.764200210571289,12672.3642578125,-4.764200210571289,134830.46875
116,341304.875,489881.90625,-4.764200210571289,402412.09375,-4.764200210571289,-4.764200210571289,315714.34375,149735.46875,-4.764200210571289,49847.5234375,1343.582275390625,26643.92578125
117,-4.764200210571289,176746.453125,169747.15625,81483.6796875,-4.764200210571289,-4.764200210571289,-4.764200210571289,76383.609375,-4.764200210571289,-4.764200210571289,118609.0234375,-4.764200210571289
118,-4.764200210571289,295524.65625,25992.203125,117074.4453125,-4.764200210571289,-4.764200210571289,-4.764200210571289,68902.7578125,-4.764200210571289,-4.764200210571289,43605.8125,34564.890625
119,-4.764200210571289,306425.125,16684.52734375,177228.84375,-4.764200210571289,1048.9283447265625,-4.764200210571289,56815.73046875,-4.764200210571289,-4.764200210571289,56743.5,41356.578125
120,19384.955078125,396879.0,-4.764200210571289,153682.5,-4.764200210571289,-4.764200210571289,43599.015625,100963.4140625,-4.764200210571289,-4.764200210571289,16784.4140625,108704.1484375
121,-4.764200210571289,257667.625,22588.98046875,129825.8671875,-4.764200210571289,-4.764200210571289,-4.764200210571289,100747.28125,-4.764200210571289,-4.764200210571289,75168.7265625,30361.572265625
122,312147.84375,463468.125,-4.764200210571289,359158.40625,-4.764200210571289,-4.764200210571289,289008.9375,197247.734375,-4.764200210571289,-4.764200210571289,-4.764200210571289,46033.03125
123,237860.015625,410325.5,-4.764200210571289,289291.28125,-4.764200210571289,-4.764200210571289,242887.546875,127608.34375,-4.764200210571289,17606.41796875,-4.764200210571289,5624.06298828125
124,341551.25,514196.09375,-4.764200210571289,447443.8125,-4.764200210571289,-4.764200210571289,326537.09375,114175.7421875,-4.764200210571289,67087.1875,-4.764200210571289,83679.875
125,342506.34375,536892.375,-4.764200210571289,480857.625,-4.764200210571289,-4.764200210571289,328687.875,98708.9296875,-4.764200210571289,81528.4765625,-4.764200210571289,114297.796875
126,-4.764200210571289,221370.5,27488.576171875,24765.439453125,-4.764200210571289,-4.764200210571289,-4.764200210571289,146350.6875,-4.764200210571289,-4.764200210571289,14054.958984375,2065.845703125
127,240033.171875,508898.25,-4.764200210571289,386413.4375,-4.764200210571289,-4.764200210571289,223724.734375,164276.46875,-4.764200210571289,19955.314453125,29399.021484375,856.9928588867188
128,306690.4375,526139.5625,-4.764200210571289,457396.71875,-4.764200210571289,-4.764200210571289,275055.40625,50580.546875,-4.764200210571289,97632.8203125,-4.764200210571289,101425.15625
129,-4.764200210571289,331541.0,48305.82421875,180112.921875,-4.764200210571289,-4.764200210571289,-4.764200210571289,38198.85546875,-4.764200210571289,-4.764200210571289,53111.609375,26255.431640625
130,384430.71875,511661.90625,-4.764200210571289,441458.59375,-4.764200210571289,-4.764200210571289,347927.625,140237.734375,-4.764200210571289,59185.625,-4.764200210571289,74747.0703125
131,-4.764200210571289,241189.21875,70637.6171875,131151.578125,-4.764200210571289,-4.764200210571289,-4.764200210571289,77503.4453125,-4.764200210571289,-4.764200210571289,79923.921875,6276.970703125
132,296346.5625,446748.0625,-4.764200210571289,335612.375,-4.764200210571289,-4.764200210571289,283173.4375,140891.40625,-4.764200210571289,36167.68359375,-4.764200210571289,7642.49462890625
133,287960.46875,541369.6875,-4.764200210571289,481735.40625,-4.764200210571289,-4.764200210571289,312992.84375,123913.4453125,-4.764200210571289,-4.764200210571289,-4.764200210571289,197201.09375
134,318480.71875,446904.1875,-4.764200210571289,337189.8125,-4.764200210571289,-4.764200210571289,268178.34375,141586.734375,-4.764200210571289,30384.115234375,-4.764200210571289,-4.764200210571289
135,213914.4375,419333.53125,-4.764200210571289,308062.40625,-4.764200210571289,-4.764200210571289,235601.78125,125603.0859375,-4.764200210571289,3736.27392578125,50.975807189941406,33632.94921875
136,293258.53125,439959.03125,-4.764200210571289,335068.34375,-4.764200210571289,-4.764200210571289,301685.40625,157376.171875,-4.764200210571289,1595.0665283203125,-4.764200210571289,54514.33203125
137,-4.764200210571289,296085.71875,33062.23046875,66816.3671875,-4.764200210571289,-4.764200210571289,-4.764200210571289,97750.9609375,-4.764200210571289,-4.764200210571289,9353.0283203125,-4.764200210571289
138,384950.15625,568560.75,-4.764200210571289,519154.90625,-4.764200210571289,-4.764200210571289,378601.0625,74388.3125,-4.764200210571289,74891.4453125,-4.764200210571289,204947.078125
139,-4.764200210571289,312360.84375,-4.764200210571289,94919.5859375,-4.764200210571289,-4.764200210571289,-4.764200210571289,114427.4453125,-4.764200210571289,-4.764200210571289,-4.764200210571289,50191.36328125
140,264826.1875,496978.25,-4.764200210571289,409888.3125,-4.764200210571289,-4.764200210571289,247097.59375,57878.1953125,-4.764200210571289,69241.21875,20369.267578125,76047.5078125
141,290824.375,456837.5625,-4.764200210571289,348595.8125,-4.764200210571289,-4.764200210571289,257202.09375,126163.875,-4.764200210571289,56201.91015625,21975.646484375,-4.764200210571289
142,220546.296875,480654.59375,-4.764200210571289,391178.1875,-4.764200210571289,-4.764200210571289,220068.859375,90325.328125,-4.764200210571289,43794.1328125,15739.5888671875,60366.046875
143,-4.764200210571289,159532.40625,77845.359375,47744.7421875,-4.764200210571289,-4.764200210571289,-4.764200210571289,144203.09375,-4.764200210571289,-4.764200210571289,69676.9765625,-4.764200210571289
144,218891.796875,408072.125,-4.764200210571289,289226.9375,-4.764200210571289,-4.764200210571289,231763.90625,153372.890625,-4.764200210571289,-4.764200210571289,-4.764200210571289,13088.95703125
145,27623.337890625,361626.375,-4.764200210571289,135790.5625,-4.764200210571289,-4.764200210571289,87022.453125,79355.921875,-4.764200210571289,-4.764200210571289,4723.3349609375,159536.375
146,258996.8125,483637.875,-4.764200210571289,395228.5,-4.764200210571289,-4.764200210571289,240951.484375,64948.50390625,-4.764200210571289,90733.359375,32065.33203125,40113.4609375
147,320298.71875,518920.90625,-4.764200210571289,448234.28125,-4.764200210571289,-4.764200210571289,305098.3125,106817.203125,-4.764200210571289,79885.9453125,31997.4453125,64029.49609375
148,-4.764200210571289,170245.765625,69131.125,46062.30859375,-4.764200210571289,-4.764200210571289,-4.764200210571289,135356.46875,-4.764200210571289,-4.764200210571289,58901.6484375,-4.764200210571289
149,275723.65625,516249.09375,-4.764200210571289,411612.9375,-4.764200210571289,-4.764200210571289,247232.296875,139751.46875,-4.764200210571289,66756.328125,46997.203125,-4.764200210571289
150,355014.84375,471480.3125,-4.764200210571289,377028.75,-4.764200210571289,-4.764200210571289,334869.96875,184681.875,-4.764200210571289,6342.45556640625,-4.764200210571289,43267.3828125
151,-4.764200210571289,380631.875,95736.5078125,171801.3125,-4.764200210571289,-4.764200210571289,-4.764200210571289,49962.25390625,-4.764200210571289,4399.2333984375,60871.97265625,-4.764200210571289
152,118635.28125,498372.25,-4.764200210571289,302844.25,-4.764200210571289,-4.764200210571289,110829.8046875,89687.1015625,-4.764200210571289,6001.94482421875,44368.6875,63246.1640625
153,-4.764200210571289,131136.453125,248256.140625,59120.50390625,-4.764200210571289,-4.764200210571289,-4.764200210571289,68229.65625,-4.764200210571289,-4.764200210571289,128771.421875,-4.764200210571289
154,360042.75,569156.125,-4.764200210571289,525876.125,-4.764200210571289,-4.764200210571289,350252.75,156568.15625,-4.764200210571289,28518.046875,-4.764200210571289,146271.890625
155,-4.764200210571289,203319.84375,125345.1640625,104623.46875,-4.764200210571289,-4.764200210571289,-4.764200210571289,66066.875,-4.764200210571289,-4.764200210571289,80418.9453125,-4.764200210571289
156,360859.375,524191.6875,-4.764200210571289,471264.4375,-4.764200210571289,-4.764200210571289,356664.1875,106415.234375,-4.764200210571289,69048.5703125,-4.764200210571289,143091.0625
157,-4.764200210571289,216482.6875,109588.7421875,97224.15625,-4.764200210571289,-4.764200210571289,-4.764200210571289,82405.3828125,-4.764200210571289,-4.764200210571289,57311.3671875,-4.764200210571289
158,-4.764200210571289,257740.5,65521.19140625,138742.3125,-4.764200210571289,-4.764200210571289,-4.764200210571289,91746.1875,-4.764200210571289,-4.764200210571289,105810.109375,27253.85546875
159,405647.8125,543012.5625,-4.764200210571289,489539.6875,-4.764200210571289,-4.764200210571289,380397.5,144457.96875,-4.764200210571289,58302.33203125,-4.764200210571289,116472.515625
160,257962.9375,518682.9375,-4.764200210571289,470559.375,-4.764200210571289,-4.764200210571289,301573.90625,82212.8984375,-4.764200210571289,23390.83984375,-4.764200210571289,212578.046875
161,356393.75,517312.21875,-4.764200210571289,430092.625,-4.764200210571289,-4.764200210571289,300754.53125,116391.6953125,-4.764200210571289,88047.828125,14198.181640625,13351.7294921875
162,352446.46875,522192.34375,-4.764200210571289,453696.34375,-4.764200210571289,-4.764200210571289,343820.3125,154644.984375,-4.764200210571289,34097.109375,-4.764200210571289,97962.0
163,-4.764200210571289,280473.71875,-4.764200210571289,117592.171875,-4.764200210571289,-4.764200210571289,-4.764200210571289,80025.828125,-4.764200210571289,-4.764200210571289,-4.764200210571289,49717.3671875
164,151127.359375,427406.125,-4.764200210571289,311930.09375,-4.764200210571289,-4.764200210571289,202221.09375,56736.51171875,-4.764200210571289,-4.764200210571289,5543.82275390625,171033.625
165,377146.40625,583052.1875,-4.764200210571289,561075.375,-4.764200210571289,-4.764200210571289,379699.125,123784.4453125,-4.764200210571289,45533.32421875,-4.764200210571289,217923.015625
166,245417.984375,494653.5,-4.764200210571289,429014.28125,-4.764200210571289,-4.764200210571289,285190.3125,101072.390625,-4.764200210571289,125.5395736694336,-4.764200210571289,188884.890625
167,-4.764200210571289,359970.71875,-4.764200210571289,161534.546875,-4.764200210571289,-4.764200210571289,-4.764200210571289,106315.1015625,-4.764200210571289,-4.764200210571289,52310.421875,47333.546875
168,296964.28125,450133.4375,-4.764200210571289,329654.0,-4.764200210571289,-4.764200210571289,275047.21875,172742.203125,-4.764200210571289,-4.764200210571289,-4.764200210571289,93.96053314208984
169,-4.764200210571289,212242.5625,134344.796875,105208.6640625,-4.764200210571289,-4.764200210571289,-4.764200210571289,67443.8515625,-4.764200210571289,-4.764200210571289,95553.3203125,-4.764200210571289
170,-4.764200210571289,194902.84375,41396.3359375,64911.2109375,-4.764200210571289,-4.764200210571289,-4.764200210571289,124272.7421875,-4.764200210571289,-4.764200210571289,33564.953125,-4.764200210571289
171,197989.203125,457109.875,-4.764200210571289,362078.5,-4.764200210571289,-4.764200210571289,208535.65625,48518.1328125,-4.764200210571289,43650.5234375,5349.10302734375,90682.2109375
172,64661.578125,440967.65625,-4.764200210571289,268967.875,-4.764200210571289,-4.764200210571289,58899.80859375,24245.8671875,-4.764200210571289,10041.490234375,27886.630859375,116476.3828125
173,-4.764200210571289,185035.453125,134554.4375,100024.0,-4.764200210571289,-4.764200210571289,-4.764200210571289,77769.21875,-4.764200210571289,-4.764200210571289,129121.6484375,-4.764200210571289
174,-4.764200210571289,210769.453125,99039.0234375,107795.96875,-4.764200210571289,-4.764200210571289,-4.764200210571289,84908.1875,-4.764200210571289,-4.764200210571289,122304.140625,-4.764200210571289
175,256791.65625,506250.1875,-4.764200210571289,426886.84375,-4.764200210571289,-4.764200210571289,282651.90625,141007.90625,-4.764200210571289,-4.764200210571289,-4.764200210571289,166728.46875
176,-4.764200210571289,233095.53125,76057.359375,129774.9453125,-4.764200210571289,-4.764200210571289,-4.764200210571289,72479.3203125,-4.764200210571289,-4.764200210571289,105042.65625,13781.6015625
177,290509.84375,525971.875,-4.764200210571289,482793.40625,-4.764200210571289,-4.764200210571289,312944.71875,126396.765625,-4.764200210571289,5485.17138671875,-4.764200210571289,186690.875
178,155779.25,477941.28125,-4.764200210571289,356746.3125,-4.764200210571289,-4.764200210571289,161179.421875,27557.400390625,-4.764200210571289,69728.3984375,32756.4296875,72585.4453125
179,284284.15625,481428.9375,-4.764200210571289,392534.65625,-4.764200210571289,-4.764200210571289,261870.6875,87001.59375,-4.764200210571289,73645.8828125,-4.764200210571289,51811.30859375
180,262088.6875,513500.34375,-4.764200210571289,400697.625,-4.764200210571289,-4.764200210571289,232193.78125,156582.921875,-4.764200210571289,37240.78515625,30888.583984375,-4.764200210571289
181,-4.764200210571289,178970.125,120826.8515625,80122.8828125,-4.764200210571289,-4.764200210571289,-4.764200210571289,115456.921875,-4.764200210571289,-4.764200210571289,122470.625,-4.764200210571289
182,363778.0625,483211.1875,-4.764200210571289,390024.4375,-4.764200210571289,-4.764200210571289,339662.8125,164488.125,-4.764200210571289,37425.9140625,-4.764200210571289,35280.16796875
183,267093.59375,489938.71875,-4.764200210571289,409197.0625,-4.764200210571289,-4.764200210571289,290992.15625,163535.796875,-4.764200210571289,-4.764200210571289,-4.764200210571289,116334.796875
184,-4.764200210571289,202944.15625,100207.609375,57236.50390625,-4.764200210571289,-4.764200210571289,-4.764200210571289,102331.5625,-4.764200210571289,-4.764200210571289,28105.2265625,-4.764200210571289
185,-4.764200210571289,225477.015625,57539.55078125,126479.3671875,-4.764200210571289,-4.764200210571289,-4.764200210571289,98766.6171875,-4.764200210571289,-4.764200210571289,100327.8359375,28753.0078125
186,344750.21875,546231.375,-4.764200210571289,504528.28125,-4.764200210571289,-4.764200210571289,344136.34375,153711.078125,-4.764200210571289,7633.19287109375,-4.764200210571289,177940.59375
187,181988.03125,408583.8125,-4.764200210571289,277214.21875,-4.764200210571289,-4.764200210571289,186741.875,125292.140625,-4.764200210571289,25123.34765625,14177.0234375,-4.764200210571289
188,302470.21875,487273.21875,-4.764200210571289,371730.90625,-4.764200210571289,-4.764200210571289,246320.03125,159740.75,-4.764200210571289,35891.50390625,14999.1708984375,-4.764200210571289
189,239166.78125,427746.75,-4.764200210571289,314007.09375,-4.764200210571289,-4.764200210571289,233847.625,109562.1015625,-4.764200210571289,49301.27734375,19900.392578125,-4.764200210571289
190,-4.764200210571289,160087.0,83002.0078125,42636.05859375,-4.764200210571289,-4.764200210571289,-4.764200210571289,170505.328125,-4.764200210571289,-4.764200210571289,38660.546875,-4.764200210571289
191,392198.4375,562611.5625,-4.764200210571289,532461.875,-4.764200210571289,-4.764200210571289,388183.625,121245.546875,-4.764200210571289,47805.73828125,-4.764200210571289,205744.0
192,-4.764200210571289,150613.078125,224021.0625,77275.078125,-4.764200210571289,-4.764200210571289,-4.764200210571289,75585.8203125,-4.764200210571289,-4.764200210571289,128771.2734375,-4.764200210571289
193,308365.21875,491798.25,-4.764200210571289,376316.40625,-4.764200210571289,-4.764200210571289,256863.09375,143794.28125,-4.764200210571289,30701.107421875,1538.4794921875,41.64232635498047
194,395236.40625,513522.46875,-4.764200210571289,446012.6875,-4.764200210571289,-4.764200210571289,368955.9375,150286.46875,-4.764200210571289,50523.28515625,-4.764200210571289,95209.5703125
195,287556.78125,520231.09375,-4.764200210571289,437839.84375,-4.764200210571289,-4.764200210571289,264493.96875,144380.15625,-4.764200210571289,27335.244140625,14258.267578125,53802.63671875
196,40489.6015625,455656.0625,20227.58984375,244961.4375,-4.764200210571289,3235.00146484375,13366.8935546875,88310.65625,-4.764200210571289,-4.764200210571289,54780.2265625,31824.849609375
197,244097.1875,504509.3125,-4.764200210571289,412273.03125,-4.764200210571289,-4.764200210571289,212157.921875,126350.578125,-4.764200210571289,27030.748046875,4642.6259765625,31911.27734375
198,322772.0625,497167.0,-4.764200210571289,431648.75,-4.764200210571289,-4.764200210571289,316917.15625,123840.6171875,-4.764200210571289,36017.57421875,-4.764200210571289,101353.28125
199,-4.764200210571289,195214.328125,88846.15625,74382.7578125,-4.764200210571289,-4.764200210571289,-4.764200210571289,104192.890625,-4.764200210571289,-4.764200210571289,69241.3203125,-4.764200210571289
200,211678.90625,485679.15625,-4.764200210571289,370519.46875,-4.764200210571289,-4.764200210571289,179199.53125,65816.8359375,-4.764200210571289,92977.46875,41401.70703125,-4.764200210571289
201,361828.15625,490482.90625,-4.764200210571289,406136.625,-4.764200210571289,-4.764200210571289,335345.1875,177921.65625,-4.764200210571289,-4.764200210571289,-4.764200210571289,106334.046875
202,242860.34375,499518.5,-4.764200210571289,388697.28125,-4.764200210571289,-4.764200210571289,206032.1875,85695.2109375,-4.764200210571289,108136.96875,59492.69921875,-4.764200210571289
203,-4.764200210571289,205448.53125,74927.84375,101555.9296875,-4.764200210571289,-4.764200210571289,-4.764200210571289,97570.1171875,-4.764200210571289,-4.764200210571289,82025.046875,-4.764200210571289
204,-4.764200210571289,320041.6875,68433.5,139808.75,-4.764200210571289,-4.764200210571289,-4.764200210571289,72446.296875,-4.764200210571289,-4.764200210571289,73853.5625,-4.764200210571289
205,-4.764200210571289,193729.328125,129360.9921875,83217.9140625,-4.764200210571289,-4.764200210571289,-4.764200210571289,94636.0859375,-4.764200210571289,-4.764200210571289,96785.3984375,-4.764200210571289
206,-4.764200210571289,408271.34375,14065.3046875,193377.828125,-4.764200210571289,-4.764200210571289,-4.764200210571289,93092.4609375,-4.764200210571289,-4.764200210571289,56362.9453125,34907.12109375
207,-4.764200210571289,186713.609375,136670.046875,85301.7109375,-4.764200210571289,-4.764200210571289,-4.764200210571289,90655.7890625,-4.764200210571289,-4.764200210571289,120605.7734375,-4.764200210571289
208,-4.764200210571289,174378.8125,152089.34375,89219.5234375,-4.764200210571289,-4.764200210571289,-4.764200210571289,79895.125,-4.764200210571289,-4.764200210571289,136499.671875,-4.764200210571289
209,285893.46875,498650.875,-4.764200210571289,418207.96875,-4.764200210571289,-4.764200210571289,285230.34375,128848.2890625,-4.764200210571289,34150.78515625,20269.900390625,66943.5703125
210,217786.421875,520452.53125,-4.764200210571289,396064.84375,-4.764200210571289,-4.764200210571289,203407.859375,132334.75,-4.764200210571289,27613.9609375,36249.33984375,41551.16015625
211,-4.764200210571289,161386.671875,76387.21875,36902.99609375,-4.764200210571289,-4.764200210571289,-4.764200210571289,141942.546875,-4.764200210571289,-4.764200210571289,54295.7578125,-4.764200210571289
212,406742.78125,556396.1875,-4.764200210571289,524158.875,-4.764200210571289,-4.764200210571289,405024.71875,145557.09375,-4.764200210571289,47293.7734375,-4.764200210571289,181995.03125
213,32131.400390625,415945.5,5820.70068359375,212447.40625,-4.764200210571289,-4.764200210571289,37836.6171875,16150.8916015625,-4.764200210571289,43656.40625,54476.64453125,46742.58984375
214,-4.764200210571289,172854.609375,150177.078125,79517.40625,-4.764200210571289,-4.764200210571289,-4.764200210571289,98187.4609375,-4.764200210571289,-4.764200210571289,129892.0625,-4.764200210571289
215,59867.29296875,424825.59375,-4.764200210571289,242714.140625,-4.764200210571289,-4.764200210571289,92663.6875,7518.39111328125,-4.764200210571289,15060.9677734375,28365.373046875,131519.234375
216,109558.84375,495388.40625,-4.764200210571289,323277.3125,-4.764200210571289,-4.764200210571289,121264.265625,59610.3828125,-4.764200210571289,-4.764200210571289,26013.716796875,174552.9375
217,-4.764200210571289,290332.53125,26554.634765625,138420.046875,-4.764200210571289,-4.764200210571289,-4.764200210571289,45453.08203125,-4.764200210571289,-4.764200210571289,27372.15625,47788.0390625
218,132409.984375,428264.28125,-4.764200210571289,257616.921875,-4.764200210571289,-4.764200210571289,146273.203125,119303.2578125,-4.764200210571289,4464.00341796875,36010.06640625,23415.287109375
219,306677.9375,494305.28125,-4.764200210571289,406395.59375,-4.764200210571289,-4.764200210571289,283496.40625,130886.953125,-4.764200210571289,51078.15234375,19202.98828125,26893.458984375
220,285609.59375,497449.59375,-4.764200210571289,395070.34375,-4.764200210571289,-4.764200210571289,248038.25,137882.875,-4.764200210571289,35597.98046875,12532.1572265625,9608.52734375
221,140984.21875,482069.25,-4.764200210571289,289517.59375,-4.764200210571289,-4.764200210571289,112733.09375,126101.0546875,-4.764200210571289,-4.764200210571289,6295.4228515625,37120.47265625
222,259835.171875,515153.625,-4.764200210571289,401436.9375,-4.764200210571289,-4.764200210571289,235230.25,142129.09375,-4.764200210571289,63897.3828125,49427.75,-4.764200210571289
223,-4.764200210571289,175043.859375,65869.0078125,46131.12890625,-4.764200210571289,-4.764200210571289,-4.764200210571289,148395.40625,-4.764200210571289,-4.764200210571289,56933.88671875,-4.764200210571289
224,131882.3125,437453.375,-4.764200210571289,275623.75,-4.764200210571289,-4.764200210571289,171795.5,111055.609375,-4.764200210571289,-4.764200210571289,-4.764200210571289,181423.828125
225,-4.764200210571289,180167.609375,62340.91796875,41225.20703125,-4.764200210571289,-4.764200210571289,-4.764200210571289,152149.828125,-4.764200210571289,-4.764200210571289,44242.62890625,-4.764200210571289
226,-4.764200210571289,161803.546875,193032.921875,69880.2890625,-4.764200210571289,-4.764200210571289,-4.764200210571289,77069.9140625,-4.764200210571289,-4.764200210571289,118157.921875,-4.764200210571289
227,295310.71875,516515.71875,-4.764200210571289,447378.5,-4.764200210571289,-4.764200210571289,312957.0,185971.859375,-4.764200210571289,-4.764200210571289,-4.764200210571289,131137.390625
228,289111.5625,527818.5625,-4.764200210571289,476788.09375,-4.764200210571289,-4.764200210571289,318795.125,140260.4375,-4.764200210571289,-4.764200210571289,-4.764200210571289,193682.34375
229,392673.90625,584378.125,-4.764200210571289,558286.375,-4.764200210571289,-4.764200210571289,386771.125,144735.578125,-4.764200210571289,39182.828125,-4.764200210571289,193211.09375
230,313103.78125,508412.625,-4.764200210571289,444707.65625,-4.764200210571289,-4.764200210571289,284556.84375,140679.59375,-4.764200210571289,33236.30859375,-4.764200210571289,58046.93359375
231,-4.764200210571289,173084.203125,177873.6875,79718.9296875,-4.764200210571289,-4.764200210571289,-4.764200210571289,74886.515625,-4.764200210571289,-4.764200210571289,117113.3671875,-4.764200210571289
232,258161.53125,486779.59375,-4.764200210571289,393915.5,-4.764200210571289,-4.764200210571289,263440.0625,120244.1328125,-4.764200210571289,28519.09765625,16987.08984375,63140.4765625
233,247502.53125,469822.90625,-4.764200210571289,376965.5,-4.764200210571289,-4.764200210571289,231599.34375,70843.7109375,-4.764200210571289,64740.671875,8550.330078125,52193.765625
234,352103.03125,542776.4375,-4.764200210571289,502797.84375,-4.764200210571289,-4.764200210571289,341233.84375,88640.0390625,-4.764200210571289,65840.140625,-4.764200210571289,173437.8125
235,337451.71875,551638.375,-4.764200210571289,507392.21875,-4.764200210571289,-4.764200210571289,350581.28125,133194.640625,-4.764200210571289,18071.333984375,-4.764200210571289,193112.625
236,386502.6875,536155.5,-4.764200210571289,479790.125,-4.764200210571289,-4.764200210571289,370441.03125,142516.484375,-4.764200210571289,58121.6953125,-4.764200210571289,114199.515625
237,126175.5234375,414578.5,-4.764200210571289,218346.890625,-4.764200210571289,-4.764200210571289,116660.453125,128878.734375,-4.764200210571289,-4.764200210571289,507.32733154296875,-4.764200210571289
238,-4.764200210571289,241017.671875,62378.375,136773.21875,-4.764200210571289,-4.764200210571289,-4.764200210571289,89429.6796875,-4.764200210571289,-4.764200210571289,101210.859375,27834.23828125
239,222444.8125,426543.125,-4.764200210571289,342076.625,-4.764200210571289,-4.764200210571289,269122.4375,108811.1953125,-4.764200210571289,-4.764200210571289,-4.764200210571289,168783.25
240,362782.3125,556567.375,-4.764200210571289,519666.53125,-4.764200210571289,-4.764200210571289,358142.34375,116022.328125,-4.764200210571289,44127.78125,-4.764200210571289,191881.703125
241,147540.90625,507310.78125,-4.764200210571289,353644.28125,-4.764200210571289,-4.764200210571289,147359.96875,73023.9453125,-4.764200210571289,-4.764200210571289,9128.251953125,166471.046875
242,388832.5,536236.5625,-4.764200210571289,473172.75,-4.764200210571289,-4.764200210571289,356335.5,149541.15625,-4.764200210571289,48524.4296875,-4.764200210571289,100622.2265625
243,417376.5,542278.3125,-4.764200210571289,512476.8125,-4.764200210571289,-4.764200210571289,417561.9375,162974.984375,-4.764200210571289,5861.50390625,-4.764200210571289,215289.5625
244,-4.764200210571289,179143.234375,188976.625,83911.2578125,-4.764200210571289,-4.764200210571289,-4.764200210571289,68862.15625,-4.764200210571289,-4.764200210571289,112156.796875,-4.764200210571289
245,321571.625,517572.6875,-4.764200210571289,469827.40625,-4.764200210571289,-4.764200210571289,326094.0,106305.171875,-4.764200210571289,54967.796875,-4.764200210571289,149715.21875
246,406732.625,554607.125,-4.764200210571289,518519.53125,-4.764200210571289,-4.764200210571289,403605.96875,145672.703125,-4.764200210571289,43706.83203125,-4.764200210571289,180436.84375
247,27315.919921875,386704.6875,-4.764200210571289,188108.5625,-4.764200210571289,-4.764200210571289,75949.7109375,28455.55859375,-4.764200210571289,-4.764200210571289,31344.80859375,139839.921875
248,302467.0625,516904.625,-4.764200210571289,419709.03125,-4.764200210571289,-4.764200210571289,246247.25,95161.9609375,-4.764200210571289,102930.0390625,50530.50390625,-4.764200210571289
249,-4.764200210571289,162204.703125,217751.046875,78250.5390625,-4.764200210571289,-4.764200210571289,-4.764200210571289,60315.21875,-4.764200210571289,-4.764200210571289,106225.1640625,-4.764200210571289
250,233349.53125,464974.75,-4.764200210571289,361661.375,-4.764200210571289,-4.764200210571289,228565.59375,93574.2734375,-4.764200210571289,62574.625,30764.470703125,18590.3671875
251,260529.609375,515435.90625,-4.764200210571289,451310.5625,-4.764200210571289,-4.764200210571289,272745.0,113611.703125,-4.764200210571289,-4.764200210571289,-4.764200210571289,176831.8125
252,16753.677734375,373649.96875,-4.764200210571289,125949.8984375,-4.764200210571289,-4.764200210571289,36480.4609375,75511.1875,-4.764200210571289,-4.764200210571289,4801.78759765625,87094.78125
253,313075.0,526831.75,-4.764200210571289,476799.1875,-4.764200210571289,-4.764200210571289,309671.9375,113965.765625,-4.764200210571289,38935.64453125,-4.764200210571289,152244.359375
254,270553.8125,415122.9375,-4.764200210571289,309775.75,-4.764200210571289,-4.764200210571289,280718.34375,121501.1640625,-4.764200210571289,27316.21484375,-4.764200210571289,35951.23046875
255,253404.828125,508885.21875,-4.764200210571289,411549.25,-4.764200210571289,-4.764200210571289,245368.109375,148953.15625,-4.764200210571289,19962.181640625,19498.97265625,43235.84375
256,287035.15625,508291.0,-4.764200210571289,425897.84375,-4.764200210571289,-4.764200210571289,294604.28125,188549.34375,-4.764200210571289,-4.764200210571289,-4.764200210571289,88950.46875
257,287197.625,496018.9375,-4.764200210571289,436642.375,-4.764200210571289,-4.764200210571289,307383.34375,86654.6171875,-4.764200210571289,52897.16015625,-4.764200210571289,147242.0
258,337215.09375,519225.34375,-4.764200210571289,476935.5625,-4.764200210571289,-4.764200210571289,353119.8125,108158.0390625,-4.764200210571289,49919.6953125,-4.764200210571289,177662.234375
259,-4.764200210571289,145433.390625,204922.625,72003.4765625,-4.764200210571289,-4.764200210571289,-4.764200210571289,89120.9921875,-4.764200210571289,-4.764200210571289,132952.9375,-4.764200210571289
260,211567.015625,535388.5,-4.764200210571289,399890.71875,-4.764200210571289,-4.764200210571289,178087.140625,119765.4140625,-4.764200210571289,29220.658203125,28846.791015625,31243.208984375
261,-4.764200210571289,254778.71875,68384.2734375,114116.8359375,-4.764200210571289,-4.764200210571289,-4.764200210571289,79096.953125,-4.764200210571289,-4.764200210571289,73968.9609375,-4.764200210571289
262,-4.764200210571289,401238.03125,27099.7578125,212543.765625,-4.764200210571289,-4.764200210571289,-4.764200210571289,49496.6484375,-4.764200210571289,-4.764200210571289,50919.2265625,55157.07421875
263,-4.764200210571289,170494.078125,115101.90625,83773.3515625,-4.764200210571289,-4.764200210571289,-4.764200210571289,104684.75,-4.764200210571289,-4.764200210571289,145342.015625,-4.764200210571289
264,350513.5,526449.0625,-4.764200210571289,472028.6875,-4.764200210571289,-4.764200210571289,345592.8125,95769.8359375,-4.764200210571289,82687.5703125,-4.764200210571289,129335.9609375
265,-4.764200210571289,258894.90625,134915.25,128441.9921875,-4.764200210571289,-4.764200210571289,-4.764200210571289,41132.171875,-4.764200210571289,-4.764200210571289,72050.046875,-4.764200210571289
266,-4.764200210571289,207574.484375,62352.04296875,56714.1640625,-4.764200210571289,-4.764200210571289,-4.764200210571289,189675.5625,-4.764200210571289,-4.764200210571289,40429.68359375,-4.764200210571289
267,31737.748046875,409446.875,-4.764200210571289,216926.625,-4.764200210571289,-4.764200210571289,60548.40625,54025.16015625,-4.764200210571289,-4.764200210571289,51419.3828125,100953.5390625
268,396614.0,544560.25,-4.764200210571289,504630.59375,-4.764200210571289,-4.764200210571289,396817.3125,123906.359375,-4.764200210571289,65785.15625,-4.764200210571289,171013.859375
269,-4.764200210571289,227174.234375,119483.2421875,114518.90625,-4.764200210571289,-4.764200210571289,-4.764200210571289,66729.234375,-4.764200210571289,-4.764200210571289,95926.84375,-4.764200210571289
270,-4.764200210571289,144969.328125,221128.9375,63641.203125,-4.764200210571289,-4.764200210571289,-4.764200210571289,79307.2890625,-4.764200210571289,-4.764200210571289,125130.90625,-4.764200210571289
271,273476.21875,468985.9375,-4.764200210571289,357247.875,-4.764200210571289,-4.764200210571289,244468.84375,114869.3046875,-4.764200210571289,70812.84375,37320.359375,-4.764200210571289
272,410836.9375,555082.9375,-4.764200210571289,506178.1875,-4.764200210571289,-4.764200210571289,389699.03125,135916.84375,-4.764200210571289,69623.25,-4.764200210571289,132224.40625
273,321732.46875,500744.3125,-4.764200210571289,441141.4375,-4.764200210571289,-4.764200210571289,317658.59375,103384.28125,-4.764200210571289,60143.84375,-4.764200210571289,120852.2265625
274,313494.125,540715.0625,-4.764200210571289,486459.125,-4.764200210571289,-4.764200210571289,319407.9375,144818.640625,-4.764200210571289,12033.041015625,-4.764200210571289,149749.6875
275,-4.764200210571289,130782.5625,140245.703125,35330.77734375,-4.764200210571289,-4.764200210571289,-4.764200210571289,119099.59375,-4.764200210571289,-4.764200210571289,82726.4296875,-4.764200210571289
276,293591.21875,464261.46875,-4.764200210571289,360140.125,-4.764200210571289,-4.764200210571289,281993.5,124836.453125,-4.764200210571289,65519.9765625,41552.75,-4.764200210571289
277,253398.890625,481750.625,-4.764200210571289,382207.34375,-4.764200210571289,-4.764200210571289,247991.875,87244.75,-4.764200210571289,90866.7265625,53874.0625,11203.25
278,334164.125,509919.375,-4.764200210571289,457651.125,-4.764200210571289,-4.764200210571289,342030.28125,113071.328125,-4.764200210571289,52131.5,-4.764200210571289,150723.0
279,314447.03125,513849.90625,-4.764200210571289,468260.90625,-4.764200210571289,-4.764200210571289,329549.875,118674.703125,-4.764200210571289,34746.8984375,-4.764200210571289,163623.625
280,370150.78125,544502.6875,-4.764200210571289,494043.90625,-4.764200210571289,-4.764200210571289,347119.1875,135124.421875,-4.764200210571289,65497.3828125,1435.9033203125,93971.5390625
281,238499.15625,492760.4375,-4.764200210571289,422120.0,-4.764200210571289,-4.764200210571289,250460.5625,77762.265625,-4.764200210571289,52227.34375,3596.076416015625,108125.2109375
282,280332.65625,510237.40625,-4.764200210571289,461648.4375,-4.764200210571289,-4.764200210571289,307968.59375,102591.3984375,-4.764200210571289,26148.21484375,-4.764200210571289,176782.140625
283,377243.5,564818.75,-4.764200210571289,533201.0,-4.764200210571289,-4.764200210571289,378326.28125,122372.375,-4.764200210571289,38539.12890625,-4.764200210571289,214069.921875
284,11884.8681640625,413274.78125,-4.764200210571289,244986.421875,-4.764200210571289,-4.764200210571289,23118.11328125,35532.0546875,-4.764200210571289,-4.764200210571289,49394.7734375,113850.7421875
285,-4.764200210571289,147920.40625,217432.046875,74817.3125,-4.764200210571289,-4.764200210571289,-4.764200210571289,60439.3046875,-4.764200210571289,-4.764200210571289,120505.875,-4.764200210571289
286,-4.764200210571289,174267.921875,172246.53125,71766.828125,-4.764200210571289,-4.764200210571289,-4.764200210571289,83949.0078125,-4.764200210571289,-4.764200210571289,88880.9453125,-4.764200210571289
287,175342.96875,490255.5625,-4.764200210571289,341246.15625,-4.764200210571289,-4.764200210571289,169563.171875,108311.5078125,-4.764200210571289,42750.8984375,49117.31640625,12551.251953125
288,31594.646484375,415252.40625,-4.764200210571289,205182.84375,-4.764200210571289,-4.764200210571289,45428.3125,90694.859375,-4.764200210571289,-4.764200210571289,37886.72265625,100748.6015625
289,271480.375,506547.40625,-4.764200210571289,413172.5,-4.764200210571289,-4.764200210571289,239690.140625,108950.828125,-4.764200210571289,48287.671875,17703.064453125,35526.30078125
290,-4.764200210571289,214162.8125,77910.4609375,81767.5234375,-4.764200210571289,-4.764200210571289,-4.764200210571289,100506.640625,-4.764200210571289,-4.764200210571289,50150.96484375,-4.764200210571289
291,-4.764200210571289,149425.65625,90207.578125,31719.533203125,-4.764200210571289,-4.764200210571289,-4.764200210571289,136471.140625,-4.764200210571289,-4.764200210571289,62003.38671875,-4.764200210571289
292,384042.9375,572641.4375,-4.764200210571289,548646.4375,-4.764200210571289,-4.764200210571289,385913.0,132759.78125,-4.764200210571289,37673.69140625,-4.764200210571289,213910.734375
293,288143.625,489675.25,-4.764200210571289,409119.71875,-4.764200210571289,-4.764200210571289,277125.5,79873.1015625,-4.764200210571289,86559.46875,11846.62890625,62743.28125
294,364667.78125,551151.5,-4.764200210571289,515739.40625,-4.764200210571289,-4.764200210571289,359987.34375,81742.59375,-4.764200210571289,79024.28125,-4.764200210571289,187908.34375
295,293703.21875,514841.46875,-4.764200210571289,457173.625,-4.764200210571289,-4.764200210571289,288035.1875,91608.7421875,-4.764200210571289,55111.5078125,-4.764200210571289,131141.046875
296,316439.40625,532943.625,-4.764200210571289,489694.84375,-4.764200210571289,-4.764200210571289,306859.625,68929.5625,-4.764200210571289,52237.06640625,-4.764200210571289,189832.171875
297,-4.764200210571289,392061.65625,72249.71875,205942.96875,-4.764200210571289,-4.764200210571289,-4.764200210571289,12521.6435546875,-4.764200210571289,45824.265625,79036.546875,11938.875
298,206255.671875,447664.46875,-4.764200210571289,353424.5,-4.764200210571289,-4.764200210571289,224580.859375,86631.890625,-4.764200210571289,30759.068359375,3553.865966796875,71611.1328125
299,-4.764200210571289,159578.8125,135211.59375,68726.8515625,-4.764200210571289,-4.764200210571289,-4.764200210571289,123266.0546875,-4.764200210571289,-4.764200210571289,121905.109375,-4.764200210571289
300,187332.953125,434394.53125,-4.764200210571289,324652.90625,-4.764200210571289,-4.764200210571289,209088.625,93667.59375,-4.764200210571289,24095.189453125,13095.890625,58132.3203125
